<?xml version="1.0" encoding="UTF-8" standalone="no"?>
<project>
  <tables>
    <table name="TBFuncao">
      <column name="IDFuncao" type="int" primaryKey="true"/>
      <column name="DescricaoFuncao" type="varchar(100)"/>
      <column name="Observacao" type="varchar(max)"/>
    </table>
    <table name="TBSituacao">
      <column name="IDSituacao" type="int" primaryKey="true"/>
      <column name="DescricaoSituacao" type="varchar(200)"/>
    </table>
    <table name="TBCidade">
      <column name="IDCidade" type="int" primaryKey="true"/>
      <column name="NomeCidade" type="varchar(50)"/>
      <column name="CodUF" type="varchar(2)"/>
    </table>
    <table name="TBEstado">
      <column name="UF" type="varchar(2)" primaryKey="true"/>
      <column name="NomeEstado" type="varchar(50)"/>
    </table>
    <table name="TBPessoa">
      <column name="IDPessoa" type="int" primaryKey="true"/>
      <column name="NomePessoa" type="varchar(50)"/>
      <column name="Endereco" type="varchar(80)"/>
      <column name="Telefone" type="varchar(20)"/>
      <column name="CEP" type="varchar(12)"/>
      <column name="CodCidade" type="int"/>
    </table>
    <table name="TBFuncionario">
      <column name="CodFuncionario" type="int" primaryKey="true"/>
      <column name="CodPessoa" type="int"/>
      <column name="DataNascimento" type="date"/>
      <column name="DataAdmissao" type="date"/>
      <column name="Sexo" type="varchar(1)"/>
      <column name="CodFuncao" type="int"/>
    </table>
    <table name="TBEngenheiro">
      <column name="CodEngenheiro" type="int" primaryKey="true"/>
      <column name="NumeroCREA" type="varchar(12)"/>
      <column name="CPF" type="bigint"/>
      <column name="RG" type="varchar(12)"/>
      <column name="DataNascimento" type="date"/>
      <column name="Sexo" type="varchar(1)"/>
      <column name="CodCidade" type="int"/>
    </table>
    <table name="TBProjeto">
      <column name="IDProjeto" type="int" primaryKey="true"/>
      <column name="DescricaoProjeto" type="varchar(max)"/>
      <column name="DataInicio" type="date"/>
      <column name="DataFim" type="date"/>
      <column name="Observacao" type="varchar(max)"/>
      <column name="CodEngenheiro" type="int"/>
    </table>
    <table name="TBPeca">
      <column name="IDPeca" type="int" primaryKey="true"/>
      <column name="DescricaoPeca" type="varchar(max)"/>
      <column name="ComprimentoPeca" type="decimal(10,2)"/>
      <column name="CustoPeca" type="decimal(10,2)"/>
      <column name="TempoProducao" type="time"/>
      <column name="CodSituacao" type="int"/>
    </table>
    <table name="TBProjetoPeca">
      <column name="CodProjeto" type="int"/>
      <column name="CodPeca" type="int"/>
      <column name="DataInicio" type="date"/>
      <column name="DataFim" type="date"/>
      <column name="CustoProjeto" type="decimal(10,2)"/>
      <column name="Observacao" type="varchar(max)"/>
    </table>
    <table name="TBFabricante">
      <column name="CodFabricante" type="int" primaryKey="true"/>
      <column name="CNPJ" type="varchar(15)"/>
      <column name="InscricaoEstadual" type="varchar(15)"/>
      <column name="Observacao" type="varchar(max)"/>
      <column name="CodCidade" type="int"/>
    </table>
    <table name="TBProducaoPeca">
      <column name="CodFuncionario" type="int"/>
      <column name="CodPeca" type="int"/>
      <column name="CodFabricante" type="int"/>
      <column name="DataInicio" type="date"/>
      <column name="DataFim" type="date"/>
      <column name="TempoGasto" type="time"/>
      <column name="CustoPeca" type="decimal(10,2)"/>
    </table>
    <table name="TBFabricantePeca">
      <column name="CodFabricante" type="int"/>
      <column name="CodPeca" type="int"/>
      <column name="DataInicio" type="date"/>
      <column name="DataFim" type="date"/>
      <column name="TempoGasto" type="time"/>
      <column name="CustoFabricacao" type="decimal(10,2)"/>
    </table>
    <table name="TBSituacaoPeca">
      <column name="IDSituacao" type="int" primaryKey="true"/>
      <column name="Descricao" type="varchar(max)"/>
      <column name="DataSituacao" type="date"/>
      <column name="Observacao" type="varchar(max)"/>
    </table>
  </tables>
</project>